peptide,length,score
EAIIEEIIH,9,0.55895
NEAIIEEII,9,0.53273
AIIEEIIHT,9,0.49795
SNEAIIEEI,9,0.46975
SVGWAVITD,9,0.44585
IIEEIIHTL,9,0.43811
SSNEAIIEE,9,0.43285
KDIELIIEL,9,0.42925
ITPWNFEDV,9,0.42065
YKDIELIIE,9,0.41826
NSVGWAVIT,9,0.41263
HFLIEGEFN,9,0.41262
TLTIFEDRE,9,0.40373
KKEFEELFY,9,0.40109
TKVRFIAES,9,0.39628
NYDIDHIIP,9,0.38325
LTIFEDREM,9,0.38156
LLAEFEGAD,9,0.37316
HTLTIFEDR,9,0.37272
SSAEAFINR,9,0.37029
SKFENIFDK,9,0.36949
KITPWNFED,9,0.36835
FLIEGEFNS,9,0.36622
DKDIIEYLH,9,0.35537
DIELIIELP,9,0.35424
IEEIIHTLT,9,0.35275
NLLAEFEGA,9,0.34777
RGHFLIEGE,9,0.34708
PWNFEDVID,9,0.34668
ADGRVIERP,9,0.3433
AADFEFLGV,9,0.34314
EKITPWNFE,9,0.34291
IELIIELPK,9,0.33833
GHFLIEGEF,9,0.33779
GSAADFEFL,9,0.33677
SAEAFINRM,9,0.33593
SAADFEFLG,9,0.33559
KAQIIGDED,9,0.33504
AQIIGDEDK,9,0.32846
KVREINDFH,9,0.32818
YDIDHIIPQ,9,0.32814
LAEFEGADY,9,0.32568
WNFEDVIDK,9,0.32449
DSGITAEGR,9,0.32385
VGWAVITDN,9,0.32247
KEFEELFYY,9,0.32245
YHDEFPTIY,9,0.32203
IHTLTIFED,9,0.32182
PLIEVNEET,9,0.32106
LSKFENIFD,9,0.31993
EVNEETGES,9,0.31979
RPLIEVNEE,9,0.31972
DGRVIERPL,9,0.31939
YRGHFLIEG,9,0.31793
HKKEFEELF,9,0.31702
TPWNFEDVI,9,0.31648
DTYNAIFES,9,0.31297
GLYETRIDL,9,0.31135
FYYILEFNE,9,0.31119
NSDFAWSIR,9,0.30975
NKCIIISIN,9,0.30944
KILTFRIPY,9,0.30402
PKLEPEFVY,9,0.30352
EKILTFRIP,9,0.30148
LADGRVIER,9,0.30138
VREINDFHH,9,0.2987
AKLINGIRD,9,0.29848
EKIDREDFL,9,0.29729
ESSAEAFIN,9,0.29656
YKVREINDF,9,0.29576
ADFEFLGVK,9,0.29503
ILTFRIPYY,9,0.29456
YYILEFNEN,9,0.29278
TDKDIIEYL,9,0.28954
KVRFIAESM,9,0.28887
LINGIRDEK,9,0.28754
TNSVGWAVI,9,0.28649
HDEFPTIYH,9,0.2862
YILEFNENY,9,0.28578
RRHYTGWGK,9,0.28322
KDIIEYLHA,9,0.28068
SDFAWSIRK,9,0.2799
SKQLEEIVK,9,0.27943
LKEYIRNIS,9,0.2794
DYLIDDGIS,9,0.27916
GRVIERPLI,9,0.2777
SNYDIDHII,9,0.27666
KNLLAEFEG,9,0.27489
NEKITPWNF,9,0.27444
SGITAEGRR,9,0.27345
IDREDFLRK,9,0.27023
KIDREDFLR,9,0.26998
LIEVNEETG,9,0.26917
LTKVRFIAE,9,0.26732
LFYYILEFN,9,0.26714
LEPEFVYGD,9,0.26669
LLYETFNVY,9,0.26621
TYNAIFESD,9,0.26491
KYPIFGNLV,9,0.26428
DSSNEAIIE,9,0.2642
KLEPEFVYG,9,0.26172
KYRGHFLIE,9,0.261
KCIIISINL,9,0.25953
LYETRIDLA,9,0.25948
EEIIHTLTI,9,0.25848
YGYDGIELK,9,0.25742
TDNETEAPL,9,0.25724
NSGIFSEFL,9,0.25609
IIHTLTIFE,9,0.25602
GITAEGRRL,9,0.25529
VYHDEFPTI,9,0.25384
RVIERPLIE,9,0.25231
DLLNIINDK,9,0.25227
SKYPIFGNL,9,0.25226
KLINGIRDE,9,0.25161
IEVNEETGE,9,0.2512
TGLYETRID,9,0.24816
SNTINENHR,9,0.24791
SSFIGPTGS,9,0.24704
GYKDIELII,9,0.24457
ATLDDAFFQ,9,0.24435
VTDNETEAP,9,0.24209
ISNTINENH,9,0.24119
NNKRGEIHK,9,0.24055
SRRHYTGWG,9,0.24031
ERPLIEVNE,9,0.24015
KVYHDEFPT,9,0.23952
CSSFIGPTG,9,0.23892
INDFHHAHD,9,0.23887
RKTFWYQLL,9,0.23838
FDSGITAEG,9,0.23806
GWAVITDNY,9,0.23532
YTRRRNRIL,9,0.23463
VIERPLIEV,9,0.23416
ITAEGRRLK,9,0.23237
LEKIDREDF,9,0.2317
IYGYDGIEL,9,0.2316
ILEFNENYV,9,0.23063
SLADGRVIE,9,0.22934
KQLEEIVKD,9,0.22877
IERPLIEVN,9,0.22874
YETRIDLAK,9,0.22866
EPEFVYGDY,9,0.22858
YNAIFESDL,9,0.22821
EFEELFYYI,9,0.22737
SYDEDLETL,9,0.22629
AEFEGADYF,9,0.22514
LYKVREIND,9,0.22473
MQLIHDDAL,9,0.22428
SLLYETFNV,9,0.22174
RKGLFELTS,9,0.22141
KRKTFWYQL,9,0.22077
LDTYNAIFE,9,0.22013
YSIGLDIGT,9,0.2195
IEKILTFRI,9,0.2187
DKAGFIQRQ,9,0.21856
KKDIVRLYF,9,0.21852
TKAERGGLL,9,0.21787
DIDHIIPQA,9,0.21759
TRRRNRILY,9,0.21714
LKRTARRRY,9,0.2166
LQEIFSTEM,9,0.21595
TNQEDFYVY,9,0.21595
IKIVDELVK,9,0.21535
EKVYHDEFP,9,0.21496
EINDFHHAH,9,0.21483
REINDFHHA,9,0.21469
TVTDNETEA,9,0.21413
EIIHTLTIF,9,0.21363
EELFYYILE,9,0.21296
HDLLNIIND,9,0.21276
LYETFNVYN,9,0.21215
LSGFLTVTD,9,0.21206
GISILDRIN,9,0.21174
ISILDRINY,9,0.2109
ILDRINYRK,9,0.20991
GNSDFAWSI,9,0.20973
IGLDIGTNS,9,0.2092
EYLHAIYGY,9,0.20901
TLDDAFFQR,9,0.20894
DLATVRRVL,9,0.20848
NVLEFQGIS,9,0.20847
GYAGYIDGK,9,0.207
IKYRGHFLI,9,0.20665
FEELFYYIL,9,0.2065
DDLDIDRLS,9,0.2064
DEFPTIYHL,9,0.2057
LKDATLIHQ,9,0.20515
ELFYYILEF,9,0.2051
KQRTFDNGS,9,0.20508
NKERIEKIL,9,0.20419
LTFRIPYYV,9,0.20396
LDDAFFQRL,9,0.20325
LGYIGDDYS,9,0.20316
SIKIVDELV,9,0.20302
YPIFGNLVE,9,0.20267
YLHAIYGYD,9,0.20243
AYLNAVIAS,9,0.20203
NNRAVRTVK,9,0.20197
RGSAADFEF,9,0.20195
LLGYIGDDY,9,0.20046
LKTYNEVFK,9,0.20007
PYSIGLDIG,9,0.19926
WAVITDNYK,9,0.19838
NQEDFYVYL,9,0.19802
SIGLDIGTN,9,0.198
AEAFINRMT,9,0.19509
FPTIYHLRK,9,0.19425
TLLGYIGDD,9,0.19374
ENNRAVRTV,9,0.1933
NGYAGYIDG,9,0.19297
KEYIRNISL,9,0.19269
KRTARRRYT,9,0.19261
QKAQIIGDE,9,0.19258
LLKEYIRNI,9,0.19233
GDDLDIDRL,9,0.19188
TIFEDREMI,9,0.19097
EFEGADYFL,9,0.19086
VNEETGESV,9,0.19079
EGADYFLEK,9,0.19076
DNETEAPLS,9,0.19005
KDIVRLYFK,9,0.18998
KITNVLEFQ,9,0.18875
IDHIIPQAF,9,0.18868
ESYDEDLET,9,0.18864
RYTRRRNRI,9,0.18858
SILDRINYR,9,0.18678
SGIFSEFLK,9,0.18647
SDLATVRRV,9,0.18635
YLQEIFSTE,9,0.18601
NTINENHRK,9,0.18564
LHAIYGYDG,9,0.18476
KYGGYAGIS,9,0.18469
RTARRRYTR,9,0.18346
EFPTIYHLR,9,0.1824
RHYTGWGKL,9,0.18197
LATVRRVLS,9,0.18162
QLVETRQIT,9,0.18067
DIIEYLHAI,9,0.18007
NDFHHAHDA,9,0.17914
TARRRYTRR,9,0.1788
LSNYDIDHI,9,0.17868
RKQRTFDNG,9,0.17742
HSLLYETFN,9,0.17705
RRYTRRRNR,9,0.17688
LDYLIDDGI,9,0.17664
ARRRYTRRR,9,0.17574
IFGNLVEEK,9,0.17555
LTVTDNETE,9,0.17515
NKRGEIHKG,9,0.17498
INGIRDEKS,9,0.1747
RRRNRILYL,9,0.17445
RRRYTRRRN,9,0.17352
SGNTILDYL,9,0.17268
ETGESVWNK,9,0.17267
DDAFFQRLD,9,0.17266
LIEGEFNSK,9,0.17218
KSGNTILDY,9,0.17117
YHDLLNIIN,9,0.16923
KLYDAILLS,9,0.16866
IEYLHAIYG,9,0.16613
NDKEFLDDS,9,0.16599
FLTVTDNET,9,0.16586
FQDFLDTYN,9,0.16568
LKNLLAEFE,9,0.16567
KNKERIEKI,9,0.16493
TGDDLDIDR,9,0.16488
YDEDLETLL,9,0.16455
LTKAERGGL,9,0.16399
KKITNVLEF,9,0.16396
ILKENIPAK,9,0.16323
KKDENNRAV,9,0.1621
QEMRAILDK,9,0.16206
FEGADYFLE,9,0.16081
RKCFNLDEK,9,0.16078
RRNRILYLQ,9,0.15954
DSKYPIFGN,9,0.15936
IIEYLHAIY,9,0.15921
YPKLEPEFV,9,0.1588
DHIIPQAFL,9,0.1587
KFENIFDKS,9,0.15851
QKKDIVRLY,9,0.15798
TFRIPYYVG,9,0.15744
EDKAGFIQR,9,0.15721
ISLADGRVI,9,0.15707
KKLYDAILL,9,0.15695
AIYGYDGIE,9,0.15654
YETFNVYNE,9,0.15606
RISNTINEN,9,0.15591
SNSFAVLVK,9,0.15582
NHSIDELCS,9,0.15521
ITNVLEFQG,9,0.15401
VTGLYETRI,9,0.15349
DFHHAHDAY,9,0.15318
EETGESVWN,9,0.15273
KNGYAGYID,9,0.15192
KERIEKILT,9,0.15106
QEDFYVYLK,9,0.15066
IISINLDFS,9,0.1506
ILYLQEIFS,9,0.14981
ILDYLIDDG,9,0.14964
LSRRHYTGW,9,0.14946
SGFLTVTDN,9,0.14922
FRKDFELYK,9,0.14905
SAKLINGIR,9,0.14871
PIFGNLVEE,9,0.1487
QRQLVETRQ,9,0.14869
LLNIINDKE,9,0.14805
RQLVETRQI,9,0.14798
LVETRQITK,9,0.14792
FLDTYNAIF,9,0.14735
AKFYPFLAK,9,0.14718
GNTILDYLI,9,0.147
ETLLGYIGD,9,0.14688
FNKCIIISI,9,0.14629
MATLDDAFF,9,0.14534
QLIHDDALS,9,0.14477
LEFNENYVG,9,0.1439
DENNRAVRT,9,0.1437
EFNENYVGA,9,0.14351
LLGVLLFDS,9,0.14306
FMQLIHDDA,9,0.14297
DKLNFLLEK,9,0.14259
ERKGLFELT,9,0.14152
PESIVVEMA,9,0.14118
YTGDDLDID,9,0.14096
LLSGFLTVT,9,0.14084
SVTGLYETR,9,0.1396
YLNAVIASA,9,0.13911
KNSGIFSEF,9,0.13908
KGLFELTSR,9,0.13736
PKGLFNANL,9,0.13699
NSNENLVGA,9,0.13655
ESDLATVRR,9,0.13576
VKIPRYRDY,9,0.1356
YSNIMNIFK,9,0.13545
EDLETLLGY,9,0.13495
YLIDDGISN,9,0.13468
KAERGGLLP,9,0.13364
FHHAHDAYL,9,0.13311
KGLFNANLS,9,0.13279
QLEEIVKDK,9,0.13267
KKRKTFWYQ,9,0.13258
KTFWYQLLK,9,0.13241
TNVLEFQGI,9,0.13198
DAYLNAVIA,9,0.13077
RLKRTARRR,9,0.13063
QSVTGLYET,9,0.1304
TILDYLIDD,9,0.12996
GYDGIELKG,9,0.12979
NFQDFLDTY,9,0.12968
CIIISINLD,9,0.12936
LKLIVGNQA,9,0.12928
IFEDREMIK,9,0.12903
GVKIPRYRD,9,0.12896
ELIIELPKY,9,0.12882
KPESIVVEM,9,0.12783
GFLTVTDNE,9,0.12714
YNSFRERKS,9,0.12643
QAKFYPFLA,9,0.12608
KDATLIHQS,9,0.12586
RGNSDFAWS,9,0.12567
KDENNRAVR,9,0.12555
KAGFIQRQL,9,0.12536
PEFVYGDYP,9,0.1244
KKKITNVLE,9,0.12399
TKHVARLLD,9,0.12302
ETFNVYNEL,9,0.12125
HVARLLDEK,9,0.12076
RKPESIVVE,9,0.12029
NLLGVLLFD,9,0.1193
NTILDYLID,9,0.11856
QNHGLDRGK,9,0.11816
DFAWSIRKR,9,0.11745
EKSGNTILD,9,0.11648
QKNFQDFLD,9,0.1161
KKVEEQNHG,9,0.11605
KKYGGYAGI,9,0.11524
NAIFESDLS,9,0.11501
FDLYLPEEK,9,0.11444
DEDLETLLG,9,0.11424
IQKAQIIGD,9,0.11397
GTNSVGWAV,9,0.11333
NFEDVIDKE,9,0.11302
FNENYVGAK,9,0.11271
FQGISILDR,9,0.1127
FLKLIVGNQ,9,0.11212
VKGTIEKGA,9,0.11171
FNVYNELTK,9,0.11095
KIPRYRDYT,9,0.11016
KRGEIHKGN,9,0.1096
ILKLFPGEK,9,0.1095
HKGNQIFLS,9,0.10929
KYNSFRERK,9,0.10889
GLDIGTNSV,9,0.10854
VTDKDIIEY,9,0.1079
TFNVYNELT,9,0.10777
HAIYGYDGI,9,0.10752
HYTGWGKLS,9,0.10582
SNENLVGAK,9,0.10551
DLDIDRLSN,9,0.10542
LYLQEIFST,9,0.10476
VRTVKIITL,9,0.10442
MIKYRGHFL,9,0.10428
DMYTGDDLD,9,0.10398
IPRYRDYTP,9,0.10392
LNAVIASAL,9,0.10391
EMATLDDAF,9,0.10342
EQNHGLDRG,9,0.10197
RNEKITPWN,9,0.1017
KTYNEVFKD,9,0.10145
KLSRRHYTG,9,0.09879
AKNKERIEK,9,0.09794
LETLLGYIG,9,0.09718
VGPLARGNS,9,0.09688
LSKIDNNAL,9,0.09683
KTNQEDFYV,9,0.09636
KHVARLLDE,9,0.09633
ADYFLEKID,9,0.09581
DDSFLVPDD,9,0.09576
LLKDATLIH,9,0.09536
DAFFQRLDD,9,0.09532
PRYRDYTPS,9,0.09528
TVKIITLKS,9,0.0947
HHAHDAYLN,9,0.09408
AKRISNTIN,9,0.09405
ESIVVEMAR,9,0.09385
LKLFPGEKN,9,0.0938
YGGYAGISN,9,0.09294
MYTGDDLDI,9,0.09278
KGTIEKGAK,9,0.09248
TKNGYAGYI,9,0.09167
YYVGPLARG,9,0.08952
YVGPLARGN,9,0.08935
EAFINRMTS,9,0.08882
DSFLVPDDK,9,0.08828
KKADLRLVY,9,0.0877
VLLFDSGIT,9,0.08643
QIIGDEDKG,9,0.08587
LVKGTIEKG,9,0.08568
VLEFQGISI,9,0.08506
TYHDLLNII,9,0.08388
NEETGESVW,9,0.08331
AVRTVKIIT,9,0.08314
RKDFELYKV,9,0.08294
DKEFLDDSS,9,0.08244
RLSNYDIDH,9,0.08235
IVVEMAREN,9,0.08216
KPKGLFNAN,9,0.0809
DFEFLGVKI,9,0.08024
TYNEVFKDD,9,0.08001
FGNLVEEKV,9,0.07969
SKIDNNALQ,9,0.07967
FRIPYYVGP,9,0.0796
PYQIHLQEM,9,0.07812
QDFLDTYNA,9,0.07808
QRTFDNGSI,9,0.07785
RTVKIITLK,9,0.07756
ITKHVARLL,9,0.07678
DLETLLGYI,9,0.07676
QRKFDNLTK,9,0.07663
PYYVGPLAR,9,0.0764
EFQGISILD,9,0.07621
DREDFLRKQ,9,0.07606
RGGLLPEDK,9,0.07606
MIKRYNEHK,9,0.07579
FEDVIDKES,9,0.07572
EEKVYHDEF,9,0.07561
KGNIKEVVK,9,0.07503
GKTNQEDFY,9,0.07466
YSLFELSDG,9,0.0746
HRKYVENHK,9,0.07417
GESVWNKES,9,0.07395
ERGGLLPED,9,0.073
ERIEKILTF,9,0.07255
QNHSIDELC,9,0.07253
QSIKIVDEL,9,0.07188
WQNHSIDEL,9,0.07185
GNLVEEKVY,9,0.07181
KESYDEDLE,9,0.07067
DFLDTYNAI,9,0.07044
YDGIELKGI,9,0.06978
VGNQADFRK,9,0.06936
ETRIDLAKL,9,0.0689
KADLRLVYL,9,0.06868
NKKDENNRA,9,0.06851
EHKEDLALL,9,0.06845
LNIINDKEF,9,0.0682
EYIRNISLK,9,0.06816
FLEKIDRED,9,0.06816
EMRAILDKQ,9,0.06805
SLKTYNEVF,9,0.06799
LVYLALAHM,9,0.06722
ADLRLVYLA,9,0.06694
LLFDSGITA,9,0.06612
MTSFDLYLP,9,0.06566
GADYFLEKI,9,0.06554
HKEDLALLK,9,0.06501
NHKKEFEEL,9,0.0637
VRFIAESMR,9,0.06205
VKKVEEQNH,9,0.06175
KVEEQNHGL,9,0.06146
YFLEKIDRE,9,0.06139
ELTKVRFIA,9,0.06108
YAGYIDGKT,9,0.06036
LYDAILLSG,9,0.05971
RNRILYLQE,9,0.0594
NSKQLEEIV,9,0.05915
LDRINYRKD,9,0.05862
SQFRKDFEL,9,0.05826
AERGGLLPE,9,0.05762
KNFQDFLDT,9,0.05684
EMARENQYT,9,0.05627
NAVIASALL,9,0.05623
DLRLVYLAL,9,0.05586
GLFELTSRG,9,0.05511
LFDSGITAE,9,0.05463
HAHDAYLNA,9,0.0543
EFVYGDYPK,9,0.05396
VEMARENQY,9,0.05388
GGYAGISNS,9,0.05305
KLNFLLEKG,9,0.05296
SISLADGRV,9,0.05296
LKENIPAKL,9,0.05217
HLQEMRAIL,9,0.05165
KESDLATVR,9,0.05153
IPYYVGPLA,9,0.05134
GNQADFRKC,9,0.05125
GSIPYQIHL,9,0.05062
LQNDRLYLY,9,0.05058
LRLVYLALA,9,0.05044
SIVVEMARE,9,0.0504
RIPYYVGPL,9,0.05006
NRAVRTVKI,9,0.05002
AHDAYLNAV,9,0.04993
HDAYLNAVI,9,0.04923
RLVYLALAH,9,0.04921
ISINLDFSN,9,0.04891
LQEMRAILD,9,0.04887
ATVRRVLSY,9,0.04872
HIIPQAFLK,9,0.04839
AKKLYDAIL,9,0.0469
DYFLEKIDR,9,0.04662
HQSVTGLYE,9,0.04602
PNSNENLVG,9,0.04596
NGSIPYQIH,9,0.04594
LSTYHDLLN,9,0.04542
QGISILDRI,9,0.04485
LIDDGISNR,9,0.0444
LFNKCIIIS,9,0.04376
PKYNSFRER,9,0.04357
LQSIKIVDE,9,0.0433
IGTNSVGWA,9,0.04187
TEMATLDDA,9,0.04141
NLVEEKVYH,9,0.04133
KNLLGVLLF,9,0.04126
LCSSFIGPT,9,0.04123
KDMYTGDDL,9,0.04066
TINENHRKY,9,0.04048
KRNEKITPW,9,0.04021
IDDGISNRN,9,0.03995
RKRNEKITP,9,0.03979
DKGNIKEVV,9,0.03971
RAVRTVKII,9,0.0379
KYSLFELSD,9,0.03737
VKKRKTFWY,9,0.03684
PEDKAGFIQ,9,0.03676
VLVKGTIEK,9,0.03676
KLIVGNQAD,9,0.03675
DGIELKGIE,9,0.03651
KKNLLGVLL,9,0.0362
KVTDKDIIE,9,0.03588
RIEKILTFR,9,0.03582
IQRQLVETR,9,0.03548
RILYLQEIF,9,0.0351
NETEAPLSS,9,0.03499
SFIGPTGSE,9,0.03498
QNDRLYLYY,9,0.03348
RKYVENHKK,9,0.03305
ELYKVREIN,9,0.03298
KIVDELVKV,9,0.03162
SFDLYLPEE,9,0.03114
TAEGRRLKR,9,0.03036
TSFDLYLPE,9,0.0302
DLYLPEEKV,9,0.02959
KVYFYSNIM,9,0.02957
IHKGNQIFL,9,0.02948
STYHDLLNI,9,0.02937
GAKEYLDPK,9,0.02895
KHSLLYETF,9,0.02804
IGPTGSERK,9,0.02747
AGYIDGKTN,9,0.0269
SIPYQIHLQ,9,0.02598
TNNKRGEIH,9,0.02546
RYNEHKEDL,9,0.02461
SLSTYHDLL,9,0.02445
RTFDNGSIP,9,0.02406
DIVRLYFKD,9,0.024
LGVLLFDSG,9,0.0237
VVEMARENQ,9,0.02334
EEQNHGLDR,9,0.02289
MARENQYTN,9,0.02177
YLPEEKVLP,9,0.02001
GYIGDDYSD,9,0.02
RGEIHKGNQ,9,0.01974
LYLPEEKVL,9,0.01911
SMRDYQFLD,9,0.0188
QEIFSTEMA,9,0.01834
LEFQGISIL,9,0.01786
TKKADLRLV,9,0.01773
DDGISNRNF,9,0.01763
YNEVFKDDT,9,0.01672
ALLKEYIRN,9,0.01598
NSFAVLVKG,9,0.01597
GPLARGNSD,9,0.01595
IVGNQADFR,9,0.01564
IQKNFQDFL,9,0.01557
KRISNTINE,9,0.01551
KGNQIFLSQ,9,0.01512
ESVWNKESD,9,0.01483
VSQFRKDFE,9,0.01472
ALQNDRLYL,9,0.01469
GIELKGIEK,9,0.01406
KESSAEAFI,9,0.0136
LRKQRTFDN,9,0.01214
PKKYGGYAG,9,0.01092
SLFELSDGS,9,0.01074
ISNSFAVLV,9,0.01062
HSIDELCSS,9,0.01042
LKGIEKQFN,9,0.01006
KMKVLGNTS,9,0.00986
RLSKFENIF,9,0.00985
PKYSLFELS,9,0.00975
QFRKDFELY,9,0.00962
RLLDEKFNN,9,0.00824
NIINDKEFL,9,0.00819
SDDFPSLEV,9,0.00761
SATEKVYFY,9,0.00749
KDKLNFLLE,9,0.0069
KGYKDIELI,9,0.0067
SRGSAADFE,9,0.00658
DTKNGYAGY,9,0.00583
YDAILLSGF,9,0.00556
FSTEMATLD,9,0.00546
FSEFLKLIV,9,0.0049
MRDYQFLDS,9,0.00448
IIISINLDF,9,0.00384
AGFIQRQLV,9,0.0036
IKRYNEHKE,9,0.00233
INDKEFLDD,9,0.0015
GVLLFDSGI,9,0.0003
KCFNLDEKA,9,7e-05
YLALAHMIK,9,-0.00035
LLDEKFNNK,9,-0.00109
KFYPFLAKN,9,-0.00178
KPYSIGLDI,9,-0.00257
GRKPESIVV,9,-0.00295
IINDKEFLD,9,-0.00321
KRYNEHKED,9,-0.00326
KDRILKLFP,9,-0.00404
QADFRKCFN,9,-0.0047
FEFLGVKIP,9,-0.00554
GKSDDFPSL,9,-0.0056
YLKNLLAEF,9,-0.00623
LDIGTNSVG,9,-0.00649
RLDDSFLVP,9,-0.00662
YSDVFLKAK,9,-0.00684
AFFQRLDDS,9,-0.00692
EKKDRILKL,9,-0.00736
GNQIFLSQK,9,-0.00742
EKNSGIFSE,9,-0.00815
NLTKAERGG,9,-0.00857
KKDRILKLF,9,-0.01004
IIGDEDKGN,9,-0.0105
EKGYKDIEL,9,-0.01102
FLGVKIPRY,9,-0.0113
SKILKENIP,9,-0.01141
FIGPTGSER,9,-0.01158
FENIFDKSV,9,-0.01196
LLYHAKRIS,9,-0.01211
ARLLDEKFN,9,-0.01251
FRKCFNLDE,9,-0.01274
WSIRKRNEK,9,-0.01296
KSDDFPSLE,9,-0.01302
VYLALAHMI,9,-0.0135
ILLSGFLTV,9,-0.01355
NDRLYLYYL,9,-0.01368
NVYNELTKV,9,-0.01389
IHDDALSFK,9,-0.01404
ARGNSDFAW,9,-0.01407
LIHDDALSF,9,-0.01477
DDYSDVFLK,9,-0.01489
FDNGSIPYQ,9,-0.01534
FIQRQLVET,9,-0.01542
ENLVGAKEY,9,-0.01573
NQADFRKCF,9,-0.01576
VETRQITKH,9,-0.01608
ESMRDYQFL,9,-0.01616
TFDNGSIPY,9,-0.0162
DYSDVFLKA,9,-0.01634
NEVFKDDTK,9,-0.01652
TGESVWNKE,9,-0.01672
NSKNNDIQK,9,-0.01729
TRQITKHVA,9,-0.01746
DGISNRNFM,9,-0.01791
NSAFQSWQN,9,-0.01877
NFMQLIHDD,9,-0.01882
FQSWQNHSI,9,-0.01906
SKESYDEDL,9,-0.01923
LNSAFQSWQ,9,-0.01957
FPSLEVVKK,9,-0.01966
GISNRNFMQ,9,-0.0197
LKDNSIDNK,9,-0.02019
SERKGLFEL,9,-0.02034
TKPYSIGLD,9,-0.02102
KSATEKVYF,9,-0.02106
NRILYLQEI,9,-0.02126
LPEDKAGFI,9,-0.02135
DDSSNEAII,9,-0.02144
TEKVYFYSN,9,-0.02164
PTIYHLRKY,9,-0.02178
LIVGNQADF,9,-0.02186
IVDELVKVM,9,-0.02187
LVEEKVYHD,9,-0.02211
FEDREMIKQ,9,-0.0222
DNLTKAERG,9,-0.02297
QRLDDSFLV,9,-0.02309
FQRLDDSFL,9,-0.0231
EKVYFYSNI,9,-0.0232
KILKENIPA,9,-0.02335
NELTKVRFI,9,-0.0236
FYSNIMNIF,9,-0.02361
LARGNSDFA,9,-0.02401
SINLDFSNK,9,-0.02486
GEKNSGIFS,9,-0.02499
VARLLDEKF,9,-0.02578
EFLGVKIPR,9,-0.02646
NENYVGAKK,9,-0.0267
IFSTEMATL,9,-0.02674
HAKRISNTI,9,-0.02683
SYPQVNVVK,9,-0.02709
NHGLDRGKP,9,-0.02724
LDDSFLVPD,9,-0.02735
TSRGSAADF,9,-0.02739
DFPSLEVVK,9,-0.02766
AVLVKGTIE,9,-0.02964
SLPGSPAIK,9,-0.03026
RMTSFDLYL,9,-0.03051
KENIPAKLS,9,-0.03063
DRLYLYYLQ,9,-0.0312
AVITDNYKV,9,-0.03135
LLPEDKAGF,9,-0.03143
KLFPGEKNS,9,-0.03169
RKVTDKDII,9,-0.03246
AWSIRKRNE,9,-0.03248
DATLIHQSV,9,-0.03293
LFELTSRGS,9,-0.03311
KDFELYKVR,9,-0.03341
VYNELTKVR,9,-0.03349
GDDYSDVFL,9,-0.0335
RYRDYTPSS,9,-0.03396
NENLVGAKE,9,-0.03414
IRKRNEKIT,9,-0.03421
GSERKGLFE,9,-0.03448
KQAKFYPFL,9,-0.03474
IPYQIHLQE,9,-0.03475
MKVLGNTSK,9,-0.03475
PLARGNSDF,9,-0.03497
NLVGAKEYL,9,-0.03506
DDFPSLEVV,9,-0.03608
KKGILQSIK,9,-0.03678
DAILLSGFL,9,-0.03749
VEEQNHGLD,9,-0.03779
IFSEFLKLI,9,-0.03787
LDIDRLSNY,9,-0.03792
YNEHKEDLA,9,-0.03846
GGLLPEDKA,9,-0.03859
MLFNKCIII,9,-0.03918
RQITKHVAR,9,-0.03959
RKSATEKVY,9,-0.04016
EDKGNIKEV,9,-0.04042
SNIMNIFKK,9,-0.04172
YTGWGKLSA,9,-0.04213
NSFRERKSA,9,-0.04236
GLFNANLSS,9,-0.04252
LGVKIPRYR,9,-0.04292
SWQNHSIDE,9,-0.04306
TVRRVLSYP,9,-0.04314
IKKNLLGVL,9,-0.04503
FVKLLYHAK,9,-0.04528
KKSISLADG,9,-0.04534
FYPFLAKNK,9,-0.04555
KKLSRRHYT,9,-0.04581
KIDNNALQN,9,-0.04582
IEGEFNSKN,9,-0.04596
EDVIDKESS,9,-0.04624
IGDEDKGNI,9,-0.04863
AEGRRLKRT,9,-0.04872
DGKTNQEDF,9,-0.04882
RKFDNLTKA,9,-0.04966
GDEDKGNIK,9,-0.05098
ATEKVYFYS,9,-0.05114
EFLKLIVGN,9,-0.05148
AILLSGFLT,9,-0.05164
LNFLLEKGY,9,-0.05191
FFQRLDDSF,9,-0.05338
LPEEKVLPK,9,-0.05373
GISNSFAVL,9,-0.05397
YPQVNVVKK,9,-0.05466
GLLPEDKAG,9,-0.05552
LALLKEYIR,9,-0.05587
GIFSEFLKL,9,-0.05613
CFNLDEKAS,9,-0.05655
NRMTSFDLY,9,-0.0566
FSKESYDED,9,-0.05661
IVRLYFKDK,9,-0.0568
SEFLKLIVG,9,-0.05716
DIGTNSVGW,9,-0.05733
LASILSTNN,9,-0.05733
AVIASALLK,9,-0.05754
ENHRKYVEN,9,-0.05756
VMGGRKPES,9,-0.05836
KSISLADGR,9,-0.05872
SFLVPDDKR,9,-0.05926
ARENQYTNQ,9,-0.06131
LIIELPKYS,9,-0.06145
ELKGIEKQF,9,-0.06173
ISNRNFMQL,9,-0.062
DNSIDNKVL,9,-0.06215
YQIHLQEMR,9,-0.06219
ATLIHQSVT,9,-0.06272
IPQAFLKDN,9,-0.06371
EDFYVYLKN,9,-0.06436
STEMATLDD,9,-0.06596
NKESDLATV,9,-0.06711
NGIRDEKSG,9,-0.06753
LSYPQVNVV,9,-0.06764
FAWSIRKRN,9,-0.06801
PQAFLKDNS,9,-0.06836
NALQNDRLY,9,-0.06838
NNALQNDRL,9,-0.06839
LTSRGSAAD,9,-0.06847
GSKILKENI,9,-0.06916
RKYLADSTK,9,-0.07032
ISQRKFDNL,9,-0.07038
RRLKRTARR,9,-0.0704
QITKHVARL,9,-0.07078
LAKNKERIE,9,-0.07082
AHMIKYRGH,9,-0.07308
AMIKRYNEH,9,-0.07384
VKIITLKST,9,-0.07418
NEHKEDLAL,9,-0.07462
LVGAKEYLD,9,-0.07498
KQKKDIVRL,9,-0.07504
DNNALQNDR,9,-0.07507
YIGDDYSDV,9,-0.07522
GKLLNSAFQ,9,-0.07537
LSAKLINGI,9,-0.07548
GYIDGKTNQ,9,-0.0755
ADFRKCFNL,9,-0.07565
FELYKVREI,9,-0.07628
SQRKFDNLT,9,-0.07726
INENHRKYV,9,-0.07795
EGRRLKRTA,9,-0.07856
YNELTKVRF,9,-0.07878
SFAVLVKGT,9,-0.0799
RRMLASILS,9,-0.07995
KGIEKQFNS,9,-0.08007
ELSDGSRRM,9,-0.08019
VKLLYHAKR,9,-0.08089
HMIKYRGHF,9,-0.08118
GYAGISNSF,9,-0.08145
QSWQNHSID,9,-0.08237
IDNNALQND,9,-0.08249
STNNKRGEI,9,-0.08279
DRLSNYDID,9,-0.08337
TGSERKGLF,9,-0.08343
AFQSWQNHS,9,-0.08397
NHRKYVENH,9,-0.08422
FVYGDYPKY,9,-0.08434
FLKDNSIDN,9,-0.08443
SKNNDIQKN,9,-0.08549
REDFLRKQR,9,-0.08676
FDNLTKAER,9,-0.08694
IGDDYSDVF,9,-0.08697
DRINYRKDK,9,-0.08723
HGLDRGKPK,9,-0.08746
ENQYTNQGK,9,-0.08757
LPKYSLFEL,9,-0.08796
KYPKLEPEF,9,-0.08801
KLLYHAKRI,9,-0.09075
SAMIKRYNE,9,-0.09126
RDYQFLDSK,9,-0.09214
KPNSNENLV,9,-0.09256
MRAILDKQA,9,-0.09298
YAGISNSFA,9,-0.09349
RFIAESMRD,9,-0.09362
NFLLEKGYK,9,-0.09382
ESDLSLENS,9,-0.09478
GKDMYTGDD,9,-0.095
SSLSTYHDL,9,-0.09549
LYHAKRISN,9,-0.09575
NRNFMQLIH,9,-0.09594
WNKESDLAT,9,-0.09597
DRILKLFPG,9,-0.09608
RLYLYYLQN,9,-0.09648
AKEYLDPKK,9,-0.0965
PKPNSNENL,9,-0.09658
ETRQITKHV,9,-0.09672
TRIDLAKLG,9,-0.09693
IDLAKLGEG,9,-0.09757
DEKSGNTIL,9,-0.09904
GRRLKRTAR,9,-0.10002
NENHRKYVE,9,-0.10115
RGKSDDFPS,9,-0.10167
ASILSTNNK,9,-0.10176
AKKKITNVL,9,-0.1022
GPTGSERKG,9,-0.10247
ELCSSFIGP,9,-0.10275
DGSRRMLAS,9,-0.10302
GKPKGLFNA,9,-0.10302
STLVSQFRK,9,-0.10316
KLLNSAFQS,9,-0.10326
LEEIVKDKI,9,-0.10366
IELKGIEKQ,9,-0.10382
RDSKYPIFG,9,-0.10402
IHQSVTGLY,9,-0.10521
LVPDDKRDS,9,-0.10604
RMLASILST,9,-0.10607
DEKASLHFS,9,-0.10647
QQRLKRLEK,9,-0.1065
VGAKEYLDP,9,-0.10668
YPKYNSFRE,9,-0.10671
FLVPDDKRD,9,-0.10704
DNGSIPYQI,9,-0.10711
IIPQAFLKD,9,-0.10722
AIFESDLSL,9,-0.10749
VEEKVYHDE,9,-0.10752
DKQAKFYPF,9,-0.10763
MTKPYSIGL,9,-0.10837
LVKVMGGRK,9,-0.10872
EDLALLKEY,9,-0.10897
FAVLVKGTI,9,-0.10928
YLYYLQNGK,9,-0.11042
RILKLFPGE,9,-0.11076
LEKKDRILK,9,-0.11084
IKKGILQSI,9,-0.11116
KEDLALLKE,9,-0.11166
LALAHMIKY,9,-0.11171
NNDIQKNFQ,9,-0.11174
DIDRLSNYD,9,-0.11487
TIYHLRKYL,9,-0.11489
NSIDNKVLV,9,-0.11542
GFIQRQLVE,9,-0.11724
VRRVLSYPQ,9,-0.11779
VSSASNRGK,9,-0.11804
DFELYKVRE,9,-0.12018
FKDDTKNGY,9,-0.12134
IHLQEMRAI,9,-0.12142
EIFSTEMAT,9,-0.12176
PKHSLLYET,9,-0.12183
LYLYYLQNG,9,-0.1229
VYFYSNIMN,9,-0.12319
KSLPGSPAI,9,-0.12399
LRKYLADST,9,-0.12563
KLSAKLING,9,-0.12623
GTIEKGAKK,9,-0.12713
GNIKEVVKS,9,-0.1286
KLSKIDNNA,9,-0.12946
KVMGGRKPE,9,-0.12966
DLALLKEYI,9,-0.12992
LSDGSRRML,9,-0.13
RNFMQLIHD,9,-0.13072
SQKFVKLLY,9,-0.13084
LKKLSRRHY,9,-0.13096
NIMNIFKKS,9,-0.13171
PSLEVVKKR,9,-0.13179
EKASLHFSK,9,-0.13198
SAFQSWQNH,9,-0.13269
KFDNLTKAE,9,-0.13271
VITDNYKVP,9,-0.13274
ISLKTYNEV,9,-0.13324
RKDKLNFLL,9,-0.13437
TLIHQSVTG,9,-0.13526
KIQKAQIIG,9,-0.13546
VVKKVEEQN,9,-0.13573
SLLKDATLI,9,-0.13589
ENIFDKSVL,9,-0.1359
ASLHFSKES,9,-0.13628
QIHLQEMRA,9,-0.13717
KRKVTDKDI,9,-0.13882
LSTNNKRGE,9,-0.13973
ILQSIKIVD,9,-0.14103
AFINRMTSF,9,-0.14211
LPGSPAIKK,9,-0.14312
KDKRKVTDK,9,-0.14334
KDDTKNGYA,9,-0.14339
KSTLVSQFR,9,-0.14345
FELTSRGSA,9,-0.14498
KNNDIQKNF,9,-0.145
SNRNFMQLI,9,-0.14525
LEKGYKDIE,9,-0.14602
VLSYPQVNV,9,-0.1462
HDDALSFKK,9,-0.14716
SSLLKDATL,9,-0.14818
FESDLSLEN,9,-0.14877
KDNSIDNKV,9,-0.14955
FNLDEKASL,9,-0.15042
DKESSAEAF,9,-0.15088
YIRNISLKT,9,-0.1512
YHLRKYLAD,9,-0.1515
MLASILSTN,9,-0.15155
IDRLSNYDI,9,-0.15171
SFRERKSAT,9,-0.15181
QKFVKLLYH,9,-0.15242
DFRKCFNLD,9,-0.15444
INLDFSNKE,9,-0.15447
KKYPKLEPE,9,-0.15478
SIDNKVLVS,9,-0.15569
FINRMTSFD,9,-0.1557
FIAESMRDY,9,-0.15631
RIDLAKLGE,9,-0.15842
RENQYTNQG,9,-0.15886
DDTKNGYAG,9,-0.15906
DFYVYLKNL,9,-0.15948
SPAIKKGIL,9,-0.16002
SQQRLKRLE,9,-0.16212
IYHLRKYLA,9,-0.16286
FLRKQRTFD,9,-0.16312
AGISNSFAV,9,-0.16364
VYGDYPKYN,9,-0.16488
ENHKKEFEE,9,-0.16495
NLDFSNKEK,9,-0.16569
INRMTSFDL,9,-0.16607
KEFLDDSSN,9,-0.16696
HLRKYLADS,9,-0.16826
NIKEVVKSL,9,-0.16885
MGGRKPESI,9,-0.16952
NGKDMYTGD,9,-0.1696
KYVENHKKE,9,-0.1697
EKSLKELGS,9,-0.17017
PTGSERKGL,9,-0.17145
YHAKRISNT,9,-0.17202
NSSLSTYHD,9,-0.17364
KSKLISQRK,9,-0.17481
NQYTNQGKS,9,-0.17488
VFKDDTKNG,9,-0.17532
DYQFLDSKQ,9,-0.17534
GEIHKGNQI,9,-0.17549
SDVFLKAKK,9,-0.17558
LIHQSVTGL,9,-0.17574
GSRRMLASI,9,-0.1762
LVSQFRKDF,9,-0.17658
SVWNKESDL,9,-0.17702
LFPGEKNSG,9,-0.17712
ITDNYKVPS,9,-0.17755
EDREMIKQR,9,-0.17785
GGRKPESIV,9,-0.17861
ILSTNNKRG,9,-0.17879
NNKKDENNR,9,-0.18039
VKVMGGRKP,9,-0.18072
ALAHMIKYR,9,-0.18463
ETEAPLSSA,9,-0.18565
GIRDEKSGN,9,-0.1862
FNSKNNDIQ,9,-0.18661
LFELSDGSR,9,-0.18694
ELTSRGSAA,9,-0.18833
SDLSLENSK,9,-0.18874
KASLHFSKE,9,-0.18878
QRLSKFENI,9,-0.18915
VKSLPGSPA,9,-0.18986
SIDELCSSF,9,-0.18988
KPKPNSNEN,9,-0.19015
TFWYQLLKS,9,-0.19042
KYLADSTKK,9,-0.1916
EDFLRKQRT,9,-0.19328
LKSTLVSQF,9,-0.19388
IDKESSAEA,9,-0.19456
SRRMLASIL,9,-0.19573
SSAMIKRYN,9,-0.19588
DEDKGNIKE,9,-0.19657
SIRKRNEKI,9,-0.19739
EGEFNSKNN,9,-0.19751
ENYVGAKKN,9,-0.19783
DELCSSFIG,9,-0.19812
IRNISLKTY,9,-0.19904
EIHKGNQIF,9,-0.19959
GSPAIKKGI,9,-0.19983
RGKPKGLFN,9,-0.20022
YFYSNIMNI,9,-0.20067
KQRLSKFEN,9,-0.20116
KKNGKLLNS,9,-0.20158
KSLKELGSK,9,-0.2016
ERKSATEKV,9,-0.20333
VRLYFKDKR,9,-0.2036
DFLRKQRTF,9,-0.2042
KVLGNTSKK,9,-0.20488
REMIKQRLS,9,-0.20492
YRKDKLNFL,9,-0.20518
YIDGKTNQE,9,-0.2053
YRDYTPSSL,9,-0.20544
LKELGSKIL,9,-0.20563
AIKKGILQS,9,-0.20576
STKKADLRL,9,-0.20714
LDEKFNNKK,9,-0.20805
EEIVKDKIS,9,-0.20862
SSASNRGKS,9,-0.20875
KFVKLLYHA,9,-0.20906
VDELVKVMG,9,-0.20922
PGSPAIKKG,9,-0.20948
VPDDKRDSK,9,-0.2097
FLLEKGYKD,9,-0.21007
SDGSRRMLA,9,-0.21103
LISQRKFDN,9,-0.2111
NLDEKASLH,9,-0.21132
LSSAMIKRY,9,-0.21181
LAHMIKYRG,9,-0.21248
EEKVLPKHS,9,-0.2128
RLKRLEKSL,9,-0.21313
IDGKTNQED,9,-0.21355
SLKELGSKI,9,-0.21377
LLNSAFQSW,9,-0.21469
NGKLLNSAF,9,-0.21481
LFNANLSSK,9,-0.21575
FYVYLKNLL,9,-0.21606
YGDYPKYNS,9,-0.21722
LDDSSNEAI,9,-0.2191
KKMKVLGNT,9,-0.21942
LPKHSLLYE,9,-0.22051
PQVNVVKKV,9,-0.22205
QRLKRLEKS,9,-0.22214
SKLISQRKF,9,-0.22214
VYLKNLLAE,9,-0.22384
FPGEKNSGI,9,-0.22416
RAILDKQAK,9,-0.22426
RLYFKDKRK,9,-0.22428
FRERKSATE,9,-0.22545
FELSDGSRR,9,-0.22595
KELGSKILK,9,-0.22776
EKQFNSSLS,9,-0.22793
LYYLQNGKD,9,-0.22865
NQIFLSQKF,9,-0.22929
VENHKKEFE,9,-0.22965
EVFKDDTKN,9,-0.22976
AESMRDYQF,9,-0.22992
NKVLVSSAS,9,-0.23005
DKRKVTDKD,9,-0.23074
TGWGKLSAK,9,-0.2312
NVVKKVEEQ,9,-0.23174
DPKKYGGYA,9,-0.23226
IRDEKSGNT,9,-0.23296
RERKSATEK,9,-0.23321
FLDDSSNEA,9,-0.23427
IKEVVKSLP,9,-0.23486
DIQKNFQDF,9,-0.2355
IMNIFKKSI,9,-0.23584
DNKVLVSSA,9,-0.23668
PSSLLKDAT,9,-0.23708
TLVSQFRKD,9,-0.23799
LKKYPKLEP,9,-0.23838
ENIPAKLSK,9,-0.23888
DLSLENSKQ,9,-0.23907
RRVLSYPQV,9,-0.23938
IAESMRDYQ,9,-0.23969
AKLSKIDNN,9,-0.23985
PGEKNSGIF,9,-0.24017
SLEVVKKRK,9,-0.24052
YVYLKNLLA,9,-0.24429
NISLKTYNE,9,-0.24522
LKRLEKSLK,9,-0.24596
PAIKKGILQ,9,-0.24606
GLDRGKPKG,9,-0.24608
ASNRGKSDD,9,-0.24668
SLHFSKESY,9,-0.24796
KIITLKSTL,9,-0.24848
FKKSISLAD,9,-0.2491
KGILQSIKI,9,-0.25017
ENSKQLEEI,9,-0.25094
KDKISKLEK,9,-0.25104
IDNKVLVSS,9,-0.25116
KLEKKDRIL,9,-0.25218
LDKQAKFYP,9,-0.25482
SASNRGKSD,9,-0.25657
RVLSYPQVN,9,-0.25775
IDELCSSFI,9,-0.25811
NDIQKNFQD,9,-0.25833
EFLDDSSNE,9,-0.25881
NRGKSDDFP,9,-0.2591
KAKKLYDAI,9,-0.2597
GILQSIKIV,9,-0.26022
VIASALLKK,9,-0.26147
DELVKVMGG,9,-0.2616
AKKNGKLLN,9,-0.26235
YYLQNGKDM,9,-0.2636
QAFLKDNSI,9,-0.2644
VNVVKKVEE,9,-0.26472
VWNKESDLA,9,-0.26509
IKQRLSKFE,9,-0.26565
RINYRKDKL,9,-0.2657
NSQQRLKRL,9,-0.26596
KKIQKAQII,9,-0.26653
GKLSAKLIN,9,-0.26657
SKLEKKDRI,9,-0.26689
AFLKDNSID,9,-0.26695
IFESDLSLE,9,-0.26891
YVENHKKEF,9,-0.26901
YPFLAKNKE,9,-0.26952
SILSTNNKR,9,-0.26982
TLKSTLVSQ,9,-0.27093
DEKFNNKKD,9,-0.27259
RDYTPSSLL,9,-0.27477
LGSKILKEN,9,-0.27504
NIFDKSVLK,9,-0.27705
ELVKVMGGR,9,-0.2803
CMTKPYSIG,9,-0.28054
EKVLPKHSL,9,-0.28092
QVNVVKKVE,9,-0.28124
TEAPLSSAM,9,-0.28175
TDNYKVPSK,9,-0.28298
SNRGKSDDF,9,-0.28315
DREMIKQRL,9,-0.28512
DVIDKESSA,9,-0.28651
KKKIQKAQI,9,-0.28654
GIEKQFNSS,9,-0.28922
PEEKVLPKH,9,-0.2901
LSQKFVKLL,9,-0.29022
KKYIKKNLL,9,-0.29222
IIELPKYSL,9,-0.29224
LDEKASLHF,9,-0.29259
YIKKNLLGV,9,-0.2933
RDEKSGNTI,9,-0.29648
YLQNGKDMY,9,-0.29799
FLAKNKERI,9,-0.29886
KLISQRKFD,9,-0.30095
DYPKYNSFR,9,-0.30151
NYVGAKKNG,9,-0.30318
PFLAKNKER,9,-0.30382
KRDSKYPIF,9,-0.30435
FKDKRKVTD,9,-0.30488
RNISLKTYN,9,-0.30647
SKQKKDIVR,9,-0.30728
LQNGKDMYT,9,-0.30748
KEYLDPKKY,9,-0.3092
LVSSASNRG,9,-0.31302
MNIFKKSIS,9,-0.31386
LSLENSKQL,9,-0.31456
IEKQFNSSL,9,-0.31493
HFSKESYDE,9,-0.31909
PAKLSKIDN,9,-0.31998
ELPKYSLFE,9,-0.32089
LLEKGYKDI,9,-0.32402
VVKSLPGSP,9,-0.32577
KEVVKSLPG,9,-0.32663
INYRKDKLN,9,-0.32672
FNNKKDENN,9,-0.3275
GDYPKYNSF,9,-0.32796
KNGKLLNSA,9,-0.32936
QNGKDMYTG,9,-0.33014
ITLKSTLVS,9,-0.3304
DYTPSSLLK,9,-0.33123
LDRGKPKGL,9,-0.33174
SKKYIKKNL,9,-0.3329
DKRDSKYPI,9,-0.33458
DDKRDSKYP,9,-0.33621
IITLKSTLV,9,-0.33801
KCMTKPYSI,9,-0.33816
VVKKRKTFW,9,-0.33844
KVLPKHSLL,9,-0.34041
GEFNSKNND,9,-0.34185
KVLVSSASN,9,-0.34253
GAKKKITNV,9,-0.34274
IASALLKKY,9,-0.34357
EMIKQRLSK,9,-0.3439
KFNNKKDEN,9,-0.34439
EKFNNKKDE,9,-0.34685
YVGAKKNGK,9,-0.34829
KSNSQQRLK,9,-0.35321
QYTNQGKSN,9,-0.35347
SNKEKCMTK,9,-0.35552
ISKLEKKDR,9,-0.3557
FNSSLSTYH,9,-0.3561
QIFLSQKFV,9,-0.3569
YQFLDSKQK,9,-0.35697
DDALSFKKK,9,-0.35736
VLPKHSLLY,9,-0.36067
PLSSAMIKR,9,-0.36105
FLSQKFVKL,9,-0.36122
IFLSQKFVK,9,-0.36295
LKSKLISQR,9,-0.36352
EVVKSLPGS,9,-0.3647
APLSSAMIK,9,-0.36478
DSTKKADLR,9,-0.36533
YFKDKRKVT,9,-0.36684
EIVKDKISK,9,-0.36934
SNSQQRLKR,9,-0.3697
EKCMTKPYS,9,-0.37092
LEKSLKELG,9,-0.37225
IELPKYSLF,9,-0.37434
ELGSKILKE,9,-0.37555
EFNSKNNDI,9,-0.37716
EYLDPKKYG,9,-0.37924
LDFSNKEKC,9,-0.37927
VLKKLSRRH,9,-0.37961
SKPKPNSNE,9,-0.38089
ADSTKKADL,9,-0.38166
VIDKESSAE,9,-0.38479
DKISKLEKK,9,-0.38521
LDPKKYGGY,9,-0.38568
LHFSKESYD,9,-0.386
DFSNKEKCM,9,-0.38946
KQFNSSLST,9,-0.39136
AILDKQAKF,9,-0.3933
WGKLSAKLI,9,-0.39391
NYRKDKLNF,9,-0.39474
ASALLKKYP,9,-0.39642
YLADSTKKA,9,-0.39754
DRGKPKGLF,9,-0.39768
GKSNSQQRL,9,-0.39787
IVKDKISKL,9,-0.39802
ILDKQAKFY,9,-0.39937
YLDPKKYGG,9,-0.40028
EAPLSSAMI,9,-0.40117
SSKPKPNSN,9,-0.40372
KRLEKSLKE,9,-0.40394
PDDKRDSKY,9,-0.40414
KYIKKNLLG,9,-0.40573
SKKMKVLGN,9,-0.4074
TPSSLLKDA,9,-0.41045
MIKQRLSKF,9,-0.41222
DKSVLKKLS,9,-0.41444
LKAKKLYDA,9,-0.4149
FWYQLLKSK,9,-0.41766
VLVSSASNR,9,-0.42074
VLGNTSKKY,9,-0.42144
TIEKGAKKK,9,-0.42267
VKDKISKLE,9,-0.42441
FKKKIQKAQ,9,-0.42558
FNANLSSKP,9,-0.42596
YTNQGKSNS,9,-0.43206
SALLKKYPK,9,-0.43736
LENSKQLEE,9,-0.43847
LEVVKKRKT,9,-0.44038
LLKSKLISQ,9,-0.44125
SLENSKQLE,9,-0.44235
LYFKDKRKV,9,-0.44272
KEKCMTKPY,9,-0.44719
GAKKNGKLL,9,-0.44988
NIPAKLSKI,9,-0.45029
ALSFKKKIQ,9,-0.45314
DNYKVPSKK,9,-0.45406
DVFLKAKKL,9,-0.45433
FLKAKKLYD,9,-0.45515
QFNSSLSTY,9,-0.45705
GWGKLSAKL,9,-0.46551
EKGAKKKIT,9,-0.46687
IFDKSVLKK,9,-0.4674
IFKKSISLA,9,-0.46892
TNQGKSNSQ,9,-0.47135
FSNKEKCMT,9,-0.4727
TSKKYIKKN,9,-0.47332
IPAKLSKID,9,-0.47507
YTPSSLLKD,9,-0.47697
RLEKSLKEL,9,-0.47954
KGAKKKITN,9,-0.4823
LADSTKKAD,9,-0.48361
LLKKYPKLE,9,-0.48952
GNTSKKYIK,9,-0.49223
KISKLEKKD,9,-0.49525
NKEKCMTKP,9,-0.49554
LSSKPKPNS,9,-0.49764
NTSKKYIKK,9,-0.49786
NYKVPSKKM,9,-0.50299
DSKQKKDIV,9,-0.50308
IEKGAKKKI,9,-0.5088
LGNTSKKYI,9,-0.5113
FDKSVLKKL,9,-0.51471
QLLKSKLIS,9,-0.5163
KSVLKKLSR,9,-0.51678
VGAKKNGKL,9,-0.51779
NANLSSKPK,9,-0.51857
EVVKKRKTF,9,-0.5242
WYQLLKSKL,9,-0.52818
NIFKKSISL,9,-0.52907
LSFKKKIQK,9,-0.54736
SVLKKLSRR,9,-0.55042
QGKSNSQQR,9,-0.56394
DALSFKKKI,9,-0.56707
YQLLKSKLI,9,-0.56897
QFLDSKQKK,9,-0.56914
ALLKKYPKL,9,-0.56944
VFLKAKKLY,9,-0.57398
NQGKSNSQQ,9,-0.58049
SFKKKIQKA,9,-0.59548
NLSSKPKPN,9,-0.62909
PSKKMKVLG,9,-0.63264
YKVPSKKMK,9,-0.64646
ANLSSKPKP,9,-0.66953
LDSKQKKDI,9,-0.75554
FLDSKQKKD,9,-0.78631
VPSKKMKVL,9,-0.80388
KVPSKKMKV,9,-0.85727