peptide,length,score
NERIEEIIR,9,0.53255
ERIEEIIRT,9,0.50929
PNDIIIELA,9,0.47402
TNERIEEII,9,0.47069
RIEEIIRTT,9,0.45449
LPNDIIIEL,9,0.44592
YKEIFITPH,9,0.43198
QTNERIEEI,9,0.41733
NDIIIELAR,9,0.41447
SMPEIETEQ,9,0.41226
RKEIIENAE,9,0.40767
EYKEIFITP,9,0.40555
IEEIIRTTG,9,0.40018
FQIIENVFK,9,0.37177
IKVINAIIK,9,0.36793
ARKEIIENA,9,0.36635
KEIIENAEL,9,0.36005
ILDELWHTN,9,0.35564
DNQIAIFNR,9,0.35472
GYGIIDYET,9,0.35078
IANADFIFK,9,0.34979
NQIAIFNRL,9,0.34715
SNQAEFIAS,9,0.34465
YLLEERDIN,9,0.33985
KFQIIENVF,9,0.33883
TQEEIEQIS,9,0.3371
KEIFITPHQ,9,0.33668
NVNEVEEDT,9,0.33056
DIIIELARE,9,0.32744
GLPNDIIIE,9,0.32685
RQTNERIEE,9,0.32313
MPEIETEQE,9,0.31728
EEIIRTTGK,9,0.31662
NYEVDHIIP,9,0.31617
EVDHIIPRS,9,0.31551
LGLDIGITS,9,0.31522
DALIIANAD,9,0.31415
LLEERDINR,9,0.31307
LILDELWHT,9,0.31162
NLVITRDEN,9,0.31106
VNEVEEDTG,9,0.30719
LLNRIEVNM,9,0.30489
QSFIDTYID,9,0.3047
VGYGIIDYE,9,0.30434
LTQEEIEQI,9,0.30275
YGIIDYETR,9,0.30242
YEVDHIIPR,9,0.29834
ADFIFKEWK,9,0.29684
LDELWHTND,9,0.29647
AEDALIIAN,9,0.29623
ILVNEEDIK,9,0.29512
DELWHTNDN,9,0.29483
QIAIFNRLK,9,0.29173
SVGYGIIDY,9,0.29084
NQAEFIASF,9,0.28909
QKDFINRNL,9,0.28841
HNVNEVEED,9,0.28625
EDALIIANA,9,0.28566
NEVEEDTGN,9,0.28509
CTYFPEELR,9,0.27807
MIDITYREY,9,0.27762
EERDINRFS,9,0.27471
DLLNRIEVN,9,0.27419
TLVDDFILS,9,0.27336
HAEDALIIA,9,0.27256
IIIELAREK,9,0.27216
KRRRRHRIQ,9,0.27117
ELYRVIGVN,9,0.26908
NLILDELWH,9,0.26795
TSVGYGIID,9,0.26588
FNYEVDHII,9,0.26569
ESMPEIETE,9,0.2618
NNLVITRDE,9,0.26072
NMIDITYRE,9,0.25878
ELTQEEIEQ,9,0.25861
RDVIDAGVR,9,0.25847
KYYEETGNY,9,0.25841
EKFQIIENV,9,0.25704
TTLVDDFIL,9,0.25698
LEERDINRF,9,0.25624
DYETRDVID,9,0.25544
HCTYFPEEL,9,0.25544
ALIIANADF,9,0.25511
VNMIDITYR,9,0.2544
ILGLDIGIT,9,0.25308
EIIENAELL,9,0.2525
TRDVIDAGV,9,0.25204
LYRVIGVNN,9,0.2509
YETRDVIDA,9,0.25042
DLLETRRTY,9,0.25003
AKEILVNEE,9,0.24752
ANADFIFKE,9,0.2471
ETRDVIDAG,9,0.24618
KPNRELIND,9,0.24558
QAEFIASFY,9,0.24551
DQSFIDTYI,9,0.24518
YSLEAIPLE,9,0.24469
IIANADFIF,9,0.24173
NADFIFKEW,9,0.2413
KKDGEVRGS,9,0.24114
KLSEEEFSA,9,0.24094
HHAEDALII,9,0.24028
SLEAIPLED,9,0.24017
PNRELINDT,9,0.23953
TYFPEELRS,9,0.23947
YKYYEETGN,9,0.23939
PEIETEQEY,9,0.23674
GKPEFTNLK,9,0.23575
LKAINLILD,9,0.23572
GLDIGITSV,9,0.2355
LVITRDENE,9,0.23426
DKRPPRIIK,9,0.23364
EYLLEERDI,9,0.23363
VITRDENEK,9,0.23357
YEKFQIIEN,9,0.2311
IDYETRDVI,9,0.22891
NDNQIAIFN,9,0.22849
LKRRRRHRI,9,0.22554
SFIDTYIDL,9,0.22512
DIKEWYEML,9,0.22487
LSEEEFSAA,9,0.22419
EILVNEEDI,9,0.22335
KSINGGFTS,9,0.22307
LEAIPLEDL,9,0.22284
VHNVNEVEE,9,0.22073
GIIDYETRD,9,0.21917
KPYRFDVYL,9,0.21844
QKEIPTTLV,9,0.21844
INLILDELW,9,0.21842
SSEDIQEEL,9,0.21838
YKHHAEDAL,9,0.21698
AHLDITDDY,9,0.21654
VQKDFINRN,9,0.21638
HLDITDDYP,9,0.21636
EVEEDTGNE,9,0.21621
LNNLVITRD,9,0.21522
GELYRVIGV,9,0.21406
NNPFNYEVD,9,0.21304
NRQTNERIE,9,0.21085
VDHIIPRSV,9,0.2106
WKDIKEWYE,9,0.21015
YRVIGVNND,9,0.20994
IDITYREYL,9,0.20972
TYYEGPGEG,9,0.20921
KEILVNEED,9,0.20915
ANVENNEGR,9,0.20606
SIKVINAII,9,0.20583
QQKEIPTTL,9,0.20535
LVNEEDIKG,9,0.20335
KKPNRELIN,9,0.20294
VKSINGGFT,9,0.20282
KDFINRNLV,9,0.2024
LLETRRTYY,9,0.20128
DVIDAGVRL,9,0.2006
SEDIQEELT,9,0.20059
LIIANADFI,9,0.20022
IAKILTIYQ,9,0.19982
NDLLNRIEV,9,0.19848
RSYFRVNNL,9,0.19662
LKPYRFDVY,9,0.19612
YYEETGNYL,9,0.19533
INPYEARVK,9,0.19481
KHHAEDALI,9,0.19479
IDAGVRLFK,9,0.19476
VENNEGRRS,9,0.19471
IIDYETRDV,9,0.19416
ITYREYLEN,9,0.19404
RRRRHRIQR,9,0.19374
TARKEIIEN,9,0.1934
IDLLETRRT,9,0.1932
DTYIDLLET,9,0.19302
YYEGPGEGS,9,0.192
NAHLDITDD,9,0.19194
IKEWYEMLM,9,0.19136
LNAHLDITD,9,0.19033
ISNQAEFIA,9,0.19025
YGLPNDIII,9,0.1899
PPRIIKTIA,9,0.18784
KDIKEWYEM,9,0.18759
GSPFGWKDI,9,0.18667
KVINAIIKK,9,0.18639
NRELINDTL,9,0.18625
KEYLLEERD,9,0.18583
ERDINRFSV,9,0.18568
PYRFDVYLD,9,0.18546
FKEANVENN,9,0.18515
TYREYLENM,9,0.18423
EANVENNEG,9,0.18389
LSGINPYEA,9,0.18356
AINLILDEL,9,0.18312
KGNTLIVNN,9,0.1825
DIKDITARK,9,0.18172
SPFGWKDIK,9,0.18128
QEYKEIFIT,9,0.18114
IAKEILVNE,9,0.18097
FIDTYIDLL,9,0.18018
DIQEELTNL,9,0.17919
SELTQEEIE,9,0.17917
NGELYRVIG,9,0.17906
LNRIEVNMI,9,0.17902
YSTDILGNL,9,0.1789
VEEDTGNEL,9,0.17756
GHCTYFPEE,9,0.1773
LYSLEAIPL,9,0.17531
SKRGARRLK,9,0.17492
QKLSEEEFS,9,0.17458
NVENNEGRR,9,0.17278
YILGLDIGI,9,0.1727
RELINDTLY,9,0.17118
QEEIEQISN,9,0.17054
NPFNYEVDH,9,0.16994
DKGNTLIVN,9,0.16829
PFNYEVDHI,9,0.16816
LIKINGELY,9,0.16754
INGELYRVI,9,0.16527
AKRRGVHNV,9,0.16426
LVDDFILSP,9,0.16278
SLKAINLIL,9,0.16128
VDTRYATRG,9,0.16091
GNTLIVNNL,9,0.16066
EIFITPHQI,9,0.1589
ETRRTYYEG,9,0.15858
RRRHRIQRV,9,0.15751
RNYILGLDI,9,0.15742
LFKEANVEN,9,0.1561
VIDAGVRLF,9,0.15563
TGKPEFTNL,9,0.15552
KLNAHLDIT,9,0.15481
KAINLILDE,9,0.15477
QSSEDIQEE,9,0.15467
DLNNLVITR,9,0.15445
TRRTYYEGP,9,0.15308
NTLIVNNLN,9,0.15249
IKINGELYR,9,0.15242
TYIDLLETR,9,0.15146
DTRYATRGL,9,0.1512
EEDTGNELS,9,0.15119
ELWHTNDNQ,9,0.1511
NYILGLDIG,9,0.15108
RRHRIQRVK,9,0.15094
AEFIASFYN,9,0.15093
KKEYLLEER,9,0.15054
KKGNRTPFQ,9,0.15047
STDILGNLY,9,0.15028
LNNPFNYEV,9,0.15003
PTTLVDDFI,9,0.14964
QIIENVFKQ,9,0.14931
LVDTRYATR,9,0.14888
SEEEFSAAL,9,0.1474
KRPPRIIKT,9,0.14724
IQEELTNLN,9,0.14705
TRYATRGLM,9,0.14681
GVHNVNEVE,9,0.14672
LETRRTYYE,9,0.14634
KINGELYRV,9,0.14618
LKKDGEVRG,9,0.14465
RPPRIIKTI,9,0.14404
DITYREYLE,9,0.14393
RLKRRRRHR,9,0.14378
IDTYIDLLE,9,0.14352
KYSTDILGN,9,0.14268
IIENAELLD,9,0.1425
YIDLLETRR,9,0.14249
MKRNYILGL,9,0.14241
EIETEQEYK,9,0.14236
EGSPFGWKD,9,0.14198
NLVDTRYAT,9,0.14198
KKHILNLAK,9,0.14103
GINPYEARV,9,0.14065
KRRGVHNVN,9,0.14021
ITARKEIIE,9,0.13911
PRIIKTIAS,9,0.13884
RNLVDTRYA,9,0.1376
LRSYFRVNN,9,0.13636
KKDNGPVIK,9,0.13585
KRNYILGLD,9,0.13546
RTYYEGPGE,9,0.13492
IKDITARKE,9,0.13343
KDGEVRGSI,9,0.13261
EDIQEELTN,9,0.13171
RGVHNVNEV,9,0.13155
KEANVENNE,9,0.1314
YFPEELRSV,9,0.13123
KGYTGTHNL,9,0.13092
SGINPYEAR,9,0.12977
LKGYTGTHN,9,0.12864
GYKHHAEDA,9,0.12834
LDIGITSVG,9,0.12794
IENAELLDQ,9,0.12793
EAIPLEDLL,9,0.12773
KKENYYEVN,9,0.12753
ENNEGRRSK,9,0.12739
RSKRGARRL,9,0.12583
INGGFTSFL,9,0.12442
AKILTIYQS,9,0.12432
LYKYYEETG,9,0.12411
TNDNQIAIF,9,0.12395
ITSVGYGII,9,0.12372
RRTYYEGPG,9,0.12165
KEIPTTLVD,9,0.12114
KLLFDYNLL,9,0.12038
RVIGVNNDL,9,0.11891
LAKRRGVHN,9,0.11812
VNEEDIKGY,9,0.11793
KENYYEVNS,9,0.11589
LDITDDYPN,9,0.11514
KKLLFDYNL,9,0.11322
SYFRVNNLD,9,0.11225
IPTTLVDDF,9,0.1114
SINGGFTSF,9,0.1113
NRNLVDTRY,9,0.11082
EIPTTLVDD,9,0.11062
RRGVHNVNE,9,0.10901
KGNRTPFQY,9,0.10846
NRIEVNMID,9,0.10762
AKYLIEKIK,9,0.10725
EVNMIDITY,9,0.10668
DFIFKEWKK,9,0.10619
NGGFTSFLR,9,0.10319
GYTGTHNLS,9,0.10301
GEGSPFGWK,9,0.10195
YRFDVYLDN,9,0.10064
NNDLLNRIE,9,0.10059
DHIIPRSVS,9,0.09954
ILGNLYEVK,9,0.09883
VDDFILSPV,9,0.09806
DFINRNLVD,9,0.09576
EKYVAELQL,9,0.09565
RGSINRFKT,9,0.09544
NPYEARVKG,9,0.09521
IPLEDLLNN,9,0.09517
NLKVYHDIK,9,0.09487
DGEVRGSIN,9,0.09448
EQEYKEIFI,9,0.09375
LKQIAKEIL,9,0.09368
NSELTQEEI,9,0.0931
LMGHCTYFP,9,0.09287
GWKDIKEWY,9,0.09284
ELSGINPYE,9,0.09239
ITRDENEKL,9,0.08903
YEETGNYLT,9,0.08887
AIPLEDLLN,9,0.08778
YHDIKDITA,9,0.087
NDLNNLVIT,9,0.08575
ELINDTLYS,9,0.08331
LLNNPFNYE,9,0.08317
MGHCTYFPE,9,0.08289
NDKRPPRII,9,0.08228
IFITPHQIK,9,0.08191
RDINRFSVQ,9,0.08179
DIGITSVGY,9,0.08163
EEKYVAELQ,9,0.08133
FINRNLVDT,9,0.08104
VRGSINRFK,9,0.08012
INRNLVDTR,9,0.07975
KYGLPNDII,9,0.07943
SKCYEEAKK,9,0.07755
VYLDNGVYK,9,0.077
LDQSFIDTY,9,0.07661
IKKENYYEV,9,0.07635
SLKPYRFDV,9,0.07572
SFYNNDLIK,9,0.07527
VKYAYNADL,9,0.07446
NSKCYEEAK,9,0.07376
TSFLRRKWK,9,0.07338
KQIAKEILV,9,0.07266
EIIRTTGKE,9,0.07222
FKKHILNLA,9,0.06977
DILGNLYEV,9,0.06914
SKISYETFK,9,0.06854
NEKLEYYEK,9,0.06824
DLLNNPFNY,9,0.06817
IAIFNRLKL,9,0.06806
DIKGYRVTS,9,0.06674
IIELAREKN,9,0.06666
TKKEYLLEE,9,0.06585
DAGVRLFKE,9,0.0653
DDKGNTLIV,9,0.06274
NKLNAHLDI,9,0.06204
IASFYNNDL,9,0.06191
DITARKEII,9,0.06163
NDLIKINGE,9,0.05994
TLIVNNLNG,9,0.05921
YEGPGEGSP,9,0.05903
IEVNMIDIT,9,0.05765
VYHDIKDIT,9,0.0559
DVYLDNGVY,9,0.05587
FPEELRSVK,9,0.05567
GNRTPFQYL,9,0.05534
EEEFSAALL,9,0.05257
VIGVNNDLL,9,0.05239
KYAYNADLY,9,0.05175
FSAALLHLA,9,0.05165
GEVRGSINR,9,0.05129
EETGNYLTK,9,0.05024
DYNLLTDHS,9,0.0501
RFDVYLDNG,9,0.04964
YFRVNNLDV,9,0.04955
KISYETFKK,9,0.04942
EKLEYYEKF,9,0.04857
LKVYHDIKD,9,0.04838
NLKGYTGTH,9,0.04832
GPGEGSPFG,9,0.04806
TDILGNLYE,9,0.04743
GGFTSFLRR,9,0.04704
RNRQTNERI,9,0.04669
KPEFTNLKV,9,0.04665
KDNGPVIKK,9,0.04638
TVKNLDVIK,9,0.04617
KDITARKEI,9,0.04558
ENAELLDQI,9,0.04325
YVAELQLER,9,0.04275
AYNADLYNA,9,0.04153
AGVRLFKEA,9,0.04138
HTNDNQIAI,9,0.04006
QEELTNLNS,9,0.03991
DITDDYPNS,9,0.0399
EVRGSINRF,9,0.03986
YAYNADLYN,9,0.03975
DKKPNRELI,9,0.03928
YNADLYNAL,9,0.03814
GSINRFKTS,9,0.03797
LDQIAKILT,9,0.03726
DLIKINGEL,9,0.03681
KYVAELQLE,9,0.03559
VKKLLFDYN,9,0.0348
LLFDYNLLT,9,0.03479
SAALLHLAK,9,0.03469
ASFYNNDLI,9,0.03413
FDVYLDNGV,9,0.0341
LNSELTQEE,9,0.03353
VKNLDVIKK,9,0.03352
VYKFVTVKN,9,0.03338
QIAKEILVN,9,0.03324
FRVNNLDVK,9,0.03299
AELLDQIAK,9,0.03298
SKKGNRTPF,9,0.0328
SKKHPQIIK,9,0.03279
IKGYRVTST,9,0.03264
LYNALNDLN,9,0.03262
EDLLNNPFN,9,0.03189
NNDLIKING,9,0.03118
PFGWKDIKE,9,0.03109
YNNDLIKIN,9,0.03046
ENYYEVNSK,9,0.02932
HDIKDITAR,9,0.0287
EDTGNELST,9,0.02863
RIEVNMIDI,9,0.02772
VRLFKEANV,9,0.02769
DLYNALNDL,9,0.02745
KRNRQTNER,9,0.02676
CLYSLEAIP,9,0.02656
QIAKILTIY,9,0.02538
EFIASFYNN,9,0.02477
LLRSYFRVN,9,0.02473
PLEDLLNNP,9,0.02434
GVRLFKEAN,9,0.024
AESMPEIET,9,0.02387
VNNDLLNRI,9,0.02376
GFTSFLRRK,9,0.02361
EFSAALLHL,9,0.02287
KRSFIQSIK,9,0.0228
NNLNGLYDK,9,0.02229
RYATRGLMN,9,0.0221
IMEQYGDEK,9,0.02146
DDFILSPVV,9,0.02015
FTSFLRRKW,9,0.0197
KKYGLPNDI,9,0.01916
TEQEYKEIF,9,0.01881
IQSIKVINA,9,0.01762
FDYNLLTDH,9,0.01677
KISNQAEFI,9,0.01672
KRGARRLKR,9,0.01413
EGPGEGSPF,9,0.0138
PGEGSPFGW,9,0.01366
LLMYHHDPQ,9,0.01347
EEIEQISNL,9,0.01303
NLLRSYFRV,9,0.01294
NADLYNALN,9,0.01289
VAELQLERL,9,0.01284
KALEEKYVA,9,0.01265
NAELLDQIA,9,0.01142
NSKALEEKY,9,0.01132
DQIAKILTI,9,0.01117
KYLIEKIKL,9,0.01114
KGYRVTSTG,9,0.01068
YYEKFQIIE,9,0.01054
ADLYNALND,9,0.01007
KVYHDIKDI,9,0.00919
SKALEEKYV,9,0.00913
QSIKVINAI,9,0.00908
SVSFDNSFN,9,0.00839
NEEDIKGYR,9,0.00786
TRDENEKLE,9,0.00742
LMYHHDPQT,9,0.00669
DSKISYETF,9,0.00652
NLLTDHSEL,9,0.00639
KLEYYEKFQ,9,0.00583
IGVNNDLLN,9,0.00563
LIVNNLNGL,9,0.00449
YREYLENMN,9,0.00417
YNALNDLNN,9,0.00298
NQMFEEKQA,9,0.00287
IIRTTGKEN,9,0.00206
WHTNDNQIA,9,0.0016
VNNLNGLYD,9,0.00082
HSELSGINP,9,0.00068
AELQLERLK,9,0.00049
LFDYNLLTD,9,6,00E-05
NAKYLIEKI,9,-0.00074
PYEARVKGL,9,-0.00107
STGKPEFTN,9,-0.00107
LNDLNNLVI,9,-0.00159
KKHPQIIKK,9,-0.00186
KKYSTDILG,9,-0.00315
NRTPFQYLS,9,-0.0032
IVNNLNGLY,9,-0.00338
RHRIQRVKK,9,-0.00452
SQKLSEEEF,9,-0.00501
IELAREKNS,9,-0.00536
VSFDNSFNN,9,-0.00669
GYRVTSTGK,9,-0.00703
SKKDNGPVI,9,-0.00732
NALNDLNNL,9,-0.00819
GVYKFVTVK,9,-0.00846
ALNDLNNLV,9,-0.00861
LWHTNDNQI,9,-0.009
EEDIKGYRV,9,-0.00986
GVNNDLLNR,9,-0.01059
FYNNDLIKI,9,-0.01113
LLTDHSELS,9,-0.01129
MLMGHCTYF,9,-0.01155
DHSELSGIN,9,-0.01312
IGITSVGYG,9,-0.01354
LGNLYEVKS,9,-0.01377
SVQKDFINR,9,-0.01426
VINAIIKKY,9,-0.01585
SQQKEIPTT,9,-0.0185
QKRNRQTNE,9,-0.01937
EYYEKFQII,9,-0.02025
TSTGKPEFT,9,-0.02084
MYHHDPQTY,9,-0.02087
SVKYAYNAD,9,-0.0217
ALEEKYVAE,9,-0.02253
QIKHIKDFK,9,-0.02373
SELSGINPY,9,-0.02373
VVKRSFIQS,9,-0.02418
DINRFSVQK,9,-0.02459
DTGNELSTK,9,-0.02539
YNLLTDHSE,9,-0.02544
RLFKEANVE,9,-0.02601
MEQYGDEKN,9,-0.02894
YKFVTVKNL,9,-0.02958
GNKLNAHLD,9,-0.02981
RDENEKLEY,9,-0.03037
YTGTHNLSL,9,-0.03055
LIMEQYGDE,9,-0.03097
DNGVYKFVT,9,-0.03114
NGVYKFVTV,9,-0.0326
LEDLLNNPF,9,-0.03279
KILTIYQSS,9,-0.03284
IETEQEYKE,9,-0.03432
QLDQSFIDT,9,-0.03498
MENQMFEEK,9,-0.03646
EQYGDEKNP,9,-0.03703
IRTTGKENA,9,-0.03762
ELQLERLKK,9,-0.0379
KYSHRVDKK,9,-0.03917
DENEKLEYY,9,-0.03945
YKYSHRVDK,9,-0.03965
QMFEEKQAE,9,-0.04165
SFLRRKWKF,9,-0.04318
LDNGVYKFV,9,-0.04488
FLRRKWKFK,9,-0.04621
LKLIMEQYG,9,-0.04635
RGARRLKRR,9,-0.04702
LLDQIAKIL,9,-0.04717
ENAKYLIEK,9,-0.04752
ENQMFEEKQ,9,-0.04755
RRLKRRRRH,9,-0.04756
PRSVSFDNS,9,-0.04812
MQKRNRQTN,9,-0.05058
QKMINEMQK,9,-0.05101
RTTGKENAK,9,-0.05165
TSDYVKEAK,9,-0.05196
LINDTLYST,9,-0.0522
HLAKRRGVH,9,-0.05246
FIASFYNND,9,-0.05249
MNLLRSYFR,9,-0.05481
YHHDPQTYQ,9,-0.05642
YLDNGVYKF,9,-0.05657
YQSSEDIQE,9,-0.05715
LEEKYVAEL,9,-0.05772
SFDNSFNNK,9,-0.05945
ISYETFKKH,9,-0.06045
ELLDQIAKI,9,-0.06178
LHLAKRRGV,9,-0.06203
TNLNSELTQ,9,-0.06364
IKKYGLPND,9,-0.0643
KVKSINGGF,9,-0.06456
KGYKHHAED,9,-0.06473
YATRGLMNL,9,-0.06474
QKAYHQLDQ,9,-0.06496
GITSVGYGI,9,-0.06509
STKEQISRN,9,-0.06615
EYLENMNDK,9,-0.06695
LSLKAINLI,9,-0.06916
EEFSAALLH,9,-0.06938
TKEQISRNS,9,-0.07029
GARRLKRRR,9,-0.071
KCLYSLEAI,9,-0.0715
IKHIKDFKD,9,-0.0719
REYLENMND,9,-0.07293
HQLDQSFID,9,-0.07325
IIENVFKQK,9,-0.07329
KCYEEAKKL,9,-0.07412
RIIKTIASK,9,-0.07436
TPHQIKHIK,9,-0.0744
YEARVKGLS,9,-0.0759
EDIKGYRVT,9,-0.07648
KHILNLAKG,9,-0.07768
LEYYEKFQI,9,-0.0793
DFILSPVVK,9,-0.08054
ARRLKRRRR,9,-0.08172
PLYKYYEET,9,-0.08228
EELTNLNSE,9,-0.0834
QYGDEKNPL,9,-0.08412
INDTLYSTR,9,-0.08496
ITDDYPNSR,9,-0.08664
AALLHLAKR,9,-0.08668
FKKERNKGY,9,-0.08714
NLNGLYDKD,9,-0.08956
RVNNLDVKV,9,-0.08969
FITPHQIKH,9,-0.08978
LLHLAKRRG,9,-0.09164
ELTNLNSEL,9,-0.09192
LAKGKGRIS,9,-0.09256
MFEEKQAES,9,-0.09427
VMENQMFEE,9,-0.09481
NDTLYSTRK,9,-0.09489
ALLHLAKRR,9,-0.09678
PHQIKHIKD,9,-0.09691
LVKQEENSK,9,-0.09693
LTNLNSELT,9,-0.09727
PEFTNLKVY,9,-0.09756
KKERNKGYK,9,-0.09828
NNEGRRSKR,9,-0.0999
KLKLIMEQY,9,-0.10004
RNSKALEEK,9,-0.10004
IKKYSTDIL,9,-0.1018
ETGNYLTKY,9,-0.10279
SINRFKTSD,9,-0.10292
VKRSFIQSI,9,-0.10481
DNSFNNKVL,9,-0.10617
ENEKLEYYE,9,-0.10633
KENAKYLIE,9,-0.10781
VQKAYHQLD,9,-0.10802
RTPFQYLSS,9,-0.1081
AKGKGRISK,9,-0.10862
RSFIQSIKV,9,-0.11029
VNNLDVKVK,9,-0.11068
INAIIKKYG,9,-0.11094
VKQEENSKK,9,-0.11106
KEWYEMLMG,9,-0.11158
KLLMYHHDP,9,-0.11319
ETEQEYKEI,9,-0.11354
FSVQKDFIN,9,-0.11572
IEKIKLHDM,9,-0.11626
NLNSELTQE,9,-0.11643
AIFNRLKLV,9,-0.11703
LMNLLRSYF,9,-0.11712
TGTHNLSLK,9,-0.11769
KEQISRNSK,9,-0.11818
KTSDYVKEA,9,-0.11962
HIKDFKDYK,9,-0.12012
RSVSFDNSF,9,-0.12031
ITPHQIKHI,9,-0.12167
FGWKDIKEW,9,-0.12172
NKGYKHHAE,9,-0.12211
EIEQISNLK,9,-0.12213
KFVTVKNLD,9,-0.12228
GKGRISKTK,9,-0.12237
TDDYPNSRN,9,-0.12279
LSLKPYRFD,9,-0.1228
TGKENAKYL,9,-0.12288
KNLDVIKKE,9,-0.1238
YGDEKNPLY,9,-0.12398
RLKKDGEVR,9,-0.12488
RRSKRGARR,9,-0.12514
KGKGRISKT,9,-0.12584
KLIMEQYGD,9,-0.12836
YLIEKIKLH,9,-0.12925
NLSLKAINL,9,-0.12949
IIKTIASKT,9,-0.13013
IKTIASKTQ,9,-0.13043
RKDDKGNTL,9,-0.13136
NYYEVNSKC,9,-0.13196
PVVKRSFIQ,9,-0.13237
IKKIKYYGN,9,-0.13288
LTDHSELSG,9,-0.13312
DDYPNSRNK,9,-0.13449
HIIPRSVSF,9,-0.13511
VTSTGKPEF,9,-0.1355
LYSTRKDDK,9,-0.13556
DYKYSHRVD,9,-0.13657
ATRGLMNLL,9,-0.13714
ILSPVVKRS,9,-0.13756
GLMNLLRSY,9,-0.13773
KVLVKQEEN,9,-0.1381
SNLKGYTGT,9,-0.13852
GKCLYSLEA,9,-0.13885
EMLMGHCTY,9,-0.13967
NGPVIKKIK,9,-0.1397
KAYHQLDQS,9,-0.14085
AQKMINEMQ,9,-0.14129
VLVKQEENS,9,-0.14143
DNGPVIKKI,9,-0.14268
ELAREKNSK,9,-0.14284
KLHDMQEGK,9,-0.14292
EKLLMYHHD,9,-0.14304
TFKKHILNL,9,-0.14336
TNLKVYHDI,9,-0.14362
TLKQIAKEI,9,-0.14363
IIPRSVSFD,9,-0.14498
IFKEWKKLD,9,-0.14503
HILNLAKGK,9,-0.14628
KKISNQAEF,9,-0.14709
NLDVIKKEN,9,-0.14816
GKENAKYLI,9,-0.14851
MNDKRPPRI,9,-0.14896
IFNRLKLVP,9,-0.14906
NSFNNKVLV,9,-0.14945
GNLYEVKSK,9,-0.14962
RFKTSDYVK,9,-0.15016
ELSTKEQIS,9,-0.15039
HHDPQTYQK,9,-0.15102
KVMENQMFE,9,-0.15139
LNGLYDKDN,9,-0.15192
PNSRNKVVK,9,-0.15196
QAESMPEIE,9,-0.15315
IPRSVSFDN,9,-0.15344
FKEWKKLDK,9,-0.15401
IKLHDMQEG,9,-0.15401
KKIKYYGNK,9,-0.15606
KDDKGNTLI,9,-0.15661
NMNDKRPPR,9,-0.1569
FVTVKNLDV,9,-0.15835
DMQEGKCLY,9,-0.15883
GLYDKDNDK,9,-0.1605
TGNELSTKE,9,-0.16112
KQAESMPEI,9,-0.16381
LSQQKEIPT,9,-0.16407
TGNYLTKYS,9,-0.16424
FIQSIKVIN,9,-0.16487
SFNNKVLVK,9,-0.16499
NPLYKYYEE,9,-0.16542
INRFKTSDY,9,-0.16552
IKYYGNKLN,9,-0.16649
SDYVKEAKQ,9,-0.16839
FTNLKVYHD,9,-0.16862
YRVTSTGKP,9,-0.1695
LQLERLKKD,9,-0.17089
ISNLKGYTG,9,-0.1718
KHPQIIKKG,9,-0.17328
NGLYDKDND,9,-0.17378
IYQSSEDIQ,9,-0.17444
EFTNLKVYH,9,-0.17503
PEELRSVKY,9,-0.17515
RGLMNLLRS,9,-0.17616
KIKYYGNKL,9,-0.17688
RSVKYAYNA,9,-0.17727
VTVKNLDVI,9,-0.1775
YETFKKHIL,9,-0.17754
SPVVKRSFI,9,-0.17756
LSPVVKRSF,9,-0.17784
LKKISNQAE,9,-0.17817
AKKVMENQM,9,-0.17835
SYETFKKHI,9,-0.18054
FIFKEWKKL,9,-0.18099
KPTLKQIAK,9,-0.18242
VNSKCYEEA,9,-0.18368
YGNKLNAHL,9,-0.18407
YSHRVDKKP,9,-0.18434
LDVIKKENY,9,-0.18496
HQIKHIKDF,9,-0.18606
NKSPEKLLM,9,-0.1862
FNRLKLVPK,9,-0.18644
TDHSELSGI,9,-0.18873
KYYGNKLNA,9,-0.18954
FDNSFNNKV,9,-0.19212
TRGLMNLLR,9,-0.19309
IKDFKDYKY,9,-0.19324
NSKKGNRTP,9,-0.19373
NEGRRSKRG,9,-0.19401
LRSVKYAYN,9,-0.19478
QKLKLIMEQ,9,-0.19582
RNKGYKHHA,9,-0.1963
RVKKLLFDY,9,-0.19648
KKPTLKQIA,9,-0.19834
YYGNKLNAH,9,-0.19855
NKVLVKQEE,9,-0.19982
LSTKEQISR,9,-0.20028
VIKKENYYE,9,-0.20087
VDKKPNREL,9,-0.20171
ILTIYQSSE,9,-0.2024
TRKDDKGNT,9,-0.20426
MQEGKCLYS,9,-0.20567
IEQISNLKG,9,-0.20623
YHQLDQSFI,9,-0.20742
TTGKENAKY,9,-0.20757
ENMNDKRPP,9,-0.20771
KTKKEYLLE,9,-0.20882
EWYEMLMGH,9,-0.21029
KHIKDFKDY,9,-0.21104
EKQAESMPE,9,-0.21114
INRFSVQKD,9,-0.2114
YEMLMGHCT,9,-0.21146
EKNPLYKYY,9,-0.2117
GDEKNPLYK,9,-0.21276
DTLYSTRKD,9,-0.2142
LRRKWKFKK,9,-0.2147
NAIIKKYGL,9,-0.2192
CYEEAKKLK,9,-0.22013
YDKDNDKLK,9,-0.22158
PKKVDLSQQ,9,-0.2246
KKLINKSPE,9,-0.22508
VKVKSINGG,9,-0.22508
EARVKGLSQ,9,-0.22578
KNPLYKYYE,9,-0.22664
GNELSTKEQ,9,-0.22672
DEKNPLYKY,9,-0.22687
FKTSDYVKE,9,-0.22691
YSTRKDDKG,9,-0.23172
EGRRSKRGA,9,-0.23174
FILSPVVKR,9,-0.23317
EMQKRNRQT,9,-0.23429
NNLDVKVKS,9,-0.23524
KSPEKLLMY,9,-0.23525
LKKLINKSP,9,-0.23631
EKIKLHDMQ,9,-0.23803
YVKEAKQLL,9,-0.23839
RFSVQKDFI,9,-0.24084
SDSKISYET,9,-0.24145
PEKLLMYHH,9,-0.24148
KIKLHDMQE,9,-0.24466
DAQKMINEM,9,-0.24728
QISNLKGYT,9,-0.24757
LIEKIKLHD,9,-0.24836
YSKKDNGPV,9,-0.24937
NNKVLVKQE,9,-0.25008
TLYSTRKDD,9,-0.25019
KWKFKKERN,9,-0.25046
NSRNKVVKL,9,-0.25201
ETFKKHILN,9,-0.25271
DYPNSRNKV,9,-0.25395
WKFKKERNK,9,-0.25485
KMINEMQKR,9,-0.25487
RRKWKFKKE,9,-0.25491
HDMQEGKCL,9,-0.25766
EELRSVKYA,9,-0.25792
KLSLKPYRF,9,-0.25818
YLENMNDKR,9,-0.25838
GRRSKRGAR,9,-0.25949
KVQKAYHQL,9,-0.26036
LKVQKAYHQ,9,-0.26055
VKEAKQLLK,9,-0.26301
SFIQSIKVI,9,-0.26706
KFKKERNKG,9,-0.27224
KKVMENQMF,9,-0.27225
FEEKQAESM,9,-0.27263
RVTSTGKPE,9,-0.27265
WYEMLMGHC,9,-0.2728
HNLSLKAIN,9,-0.27309
IENVFKQKK,9,-0.27332
IIKKYGLPN,9,-0.27454
ILNLAKGKG,9,-0.27556
GNYLTKYSK,9,-0.27734
LSQKLSEEE,9,-0.27813
GPVIKKIKY,9,-0.27936
KLINKSPEK,9,-0.2799
NRFKTSDYV,9,-0.28037
FNNKVLVKQ,9,-0.2805
YPNSRNKVV,9,-0.28214
EGKCLYSLE,9,-0.28463
LHDMQEGKC,9,-0.28545
DVKVKSING,9,-0.28565
KSKKHPQII,9,-0.28594
AYHQLDQSF,9,-0.2904
YQKLKLIME,9,-0.29188
HRIQRVKKL,9,-0.2921
SRNSKALEE,9,-0.2926
ELRSVKYAY,9,-0.29273
AKQLLKVQK,9,-0.2954
KKVDLSQQK,9,-0.29625
EEKQAESMP,9,-0.29643
KERNKGYKH,9,-0.29693
DVIKKENYY,9,-0.29717
RNKVVKLSL,9,-0.29728
GTHNLSLKA,9,-0.2979
QLERLKKDG,9,-0.29826
DPQTYQKLK,9,-0.29966
PTLKQIAKE,9,-0.3011
YYEVNSKCY,9,-0.30149
LYDKDNDKL,9,-0.30157
EQISNLKGY,9,-0.30221
KKKPTLKQI,9,-0.30348
KLKKLINKS,9,-0.30398
LNLAKGKGR,9,-0.30453
KGRISKTKK,9,-0.30662
HDPQTYQKL,9,-0.3096
NEMQKRNRQ,9,-0.31006
LTIYQSSED,9,-0.31017
SHRVDKKPN,9,-0.31154
NKVVKLSLK,9,-0.3116
ASKTQSIKK,9,-0.31315
LLKVQKAYH,9,-0.3134
NLAKGKGRI,9,-0.31546
LENMNDKRP,9,-0.31598
DKDNDKLKK,9,-0.31607
KTIASKTQS,9,-0.31645
NELSTKEQI,9,-0.31845
DYVKEAKQL,9,-0.31895
STRKDDKGN,9,-0.31992
KDYKYSHRV,9,-0.31999
ERLKKDGEV,9,-0.32262
QISRNSKAL,9,-0.32279
DLSQQKEIP,9,-0.3238
ISRNSKALE,9,-0.32727
NRLKLVPKK,9,-0.3279
SRNKVVKLS,9,-0.32852
NLYEVKSKK,9,-0.32887
TPFQYLSSS,9,-0.32888
SKTKKEYLL,9,-0.32975
FKDYKYSHR,9,-0.33072
KAKKVMENQ,9,-0.33138
VPKKVDLSQ,9,-0.33194
DKLKKLINK,9,-0.3325
MINEMQKRN,9,-0.33315
LKLVPKKVD,9,-0.33374
KQEENSKKG,9,-0.33678
RIQRVKKLL,9,-0.3368
TIYQSSEDI,9,-0.33713
SKDAQKMIN,9,-0.33967
INKSPEKLL,9,-0.3415
THNLSLKAI,9,-0.34394
EQISRNSKA,9,-0.34458
KDFKDYKYS,9,-0.34504
ERNKGYKHH,9,-0.35268
DFKDYKYSH,9,-0.35406
WKKLDKAKK,9,-0.35554
SPEKLLMYH,9,-0.3561
RKWKFKKER,9,-0.3576
RLKLVPKKV,9,-0.3594
ISKTKKEYL,9,-0.3616
KLVPKKVDL,9,-0.36296
LAREKNSKD,9,-0.36416
QRVKKLLFD,9,-0.365
AIIKKYGLP,9,-0.36516
EAKQLLKVQ,9,-0.36568
VIKKIKYYG,9,-0.36568
NRFSVQKDF,9,-0.36635
QEGKCLYSL,9,-0.36872
LERLKKDGE,9,-0.36884
IQRVKKLLF,9,-0.3705
KDAQKMINE,9,-0.37062
EVNSKCYEE,9,-0.37394
LVPKKVDLS,9,-0.3795
SSSDSKISY,9,-0.37982
SSDSKISYE,9,-0.38577
KLKKISNQA,9,-0.38627
ARVKGLSQK,9,-0.38834
HRVDKKPNR,9,-0.39042
EKNSKDAQK,9,-0.39235
VKLSLKPYR,9,-0.39539
QKKKPTLKQ,9,-0.39662
REKNSKDAQ,9,-0.39903
TYQKLKLIM,9,-0.4
SIKKYSTDI,9,-0.40061
NLDVKVKSI,9,-0.40106
NSKDAQKMI,9,-0.40322
IASKTQSIK,9,-0.4038
YEVNSKCYE,9,-0.40487
RVDKKPNRE,9,-0.40546
KQLLKVQKA,9,-0.40966
INEMQKRNR,9,-0.4201
ENSKKGNRT,9,-0.42402
NDKLKKLIN,9,-0.42576
RVKGLSQKL,9,-0.42619
LDVKVKSIN,9,-0.42826
LINKSPEKL,9,-0.43214
TQSIKKYST,9,-0.43256
KNSKDAQKM,9,-0.43603
EWKKLDKAK,9,-0.43606
VVKLSLKPY,9,-0.44118
PQTYQKLKL,9,-0.44228
PVIKKIKYY,9,-0.44268
NYLTKYSKK,9,-0.44364
PFQYLSSSD,9,-0.44413
KYSKKDNGP,9,-0.44548
SKTQSIKKY,9,-0.44778
QLLKVQKAY,9,-0.44858
KKLKKISNQ,9,-0.44872
FQYLSSSDS,9,-0.45585
LSSSDSKIS,9,-0.45854
VKGLSQKLS,9,-0.45878
KTQSIKKYS,9,-0.46163
KKLDKAKKV,9,-0.46245
KEAKQLLKV,9,-0.4629
DKAKKVMEN,9,-0.46514
GLSQKLSEE,9,-0.47182
KEWKKLDKA,9,-0.47282
YEEAKKLKK,9,-0.47649
AKKLKKISN,9,-0.4785
KQKKKPTLK,9,-0.48116
ENVFKQKKK,9,-0.49584
KVDLSQQKE,9,-0.49786
QEENSKKGN,9,-0.50031
QSIKKYSTD,9,-0.50422
KVVKLSLKP,9,-0.50549
KDNDKLKKL,9,-0.50822
LDKAKKVME,9,-0.51139
VDLSQQKEI,9,-0.51541
AREKNSKDA,9,-0.51557
TIASKTQSI,9,-0.52165
QTYQKLKLI,9,-0.52668
VKSKKHPQI,9,-0.52729
KLDKAKKVM,9,-0.53258
EENSKKGNR,9,-0.55675
RISKTKKEY,9,-0.5594
QYLSSSDSK,9,-0.56484
TKYSKKDNG,9,-0.56573
KGLSQKLSE,9,-0.59189
LYEVKSKKH,9,-0.59969
GRISKTKKE,9,-0.60473
EAKKLKKIS,9,-0.60504
LTKYSKKDN,9,-0.60686
DNDKLKKLI,9,-0.61208
YLSSSDSKI,9,-0.62601
EVKSKKHPQ,9,-0.62865
FKQKKKPTL,9,-0.65428
YLTKYSKKD,9,-0.67173
YEVKSKKHP,9,-0.7308
EEAKKLKKI,9,-0.73274
VFKQKKKPT,9,-0.78804
NVFKQKKKP,9,-0.8028